商品:,价格,评论,店铺
adidas阿迪达斯帽子 明星同款 鸭舌帽运动帽棒球帽男女同款 户外休闲遮阳帽,¥58,564, 菲跑运动专营店
【明星同款】Champion冠军帽子渔夫帽棒球帽遮阳帽男女通用四季可戴,¥290,172, Champion旗舰店
Adidas阿迪达斯吴亦凡宋茜明星同款帽子鸭舌帽棒球帽遮阳帽6P CAP休闲运动帽CF3399,¥59,1332, 耐动运动专营店
【Gucci合作款】MLB 纽约洋基NY老花复古刺绣大logo男女同款可调节棒球帽,¥349,39,考拉海购自营
【爆款】Champion 冠军 男女情侣款草写logo弯檐棒球帽,¥199,7, Theme海外专营店
【杨幂/迪丽热巴同款】MLB男女同款刺绣NY logo可调节棒球鸭舌帽,¥259,698,考拉海购自营
Puma彪马男帽女帽2019春季新款户外出游运动遮阳帽太阳帽休闲帽鸭舌帽帽子02175004,¥89,80, 锦旻运动专营店
【日本直邮】Queen Head  日系女士秋冬保暖简约多色时尚针织帽帽子女,¥259,21,日本Queenhead帽子海外旗舰店
【可调节尺寸】NEW ERA 新时代男女同款LA道奇队刺绣鸭舌MLB棒球帽 均码,¥219,315,考拉海购自营
Yankees扬基 男女新款NY洋基队可调节鸭舌帽运动休闲MLB棒球帽防晒遮阳帽,¥220,94, 美购国际海外专营店
adidas阿迪达斯帽子 三叶草 BUCKET HAT AC 情侣黑白休闲遮阳帽防晒帽男女渔夫帽,¥239,91, sneakerplanet运动专营店
【19新款】CHAMPION冠军 H0543 男女同款 logo刺绣 棒球帽/鸭舌帽,¥269,25,考拉海购自营
【男女同款】Yankees扬基 春秋季棒球帽魔术贴可调节鸭舌帽NY洋基队户外遮阳帽,¥188,153, 美购国际海外专营店
【顺丰包邮包税】【潘玮柏 小贝 泫雅同款】MLB 纽约洋基NY 经典LOGO 情侣款 基础款 可调节均码棒球帽,¥249,21, 韩一海外专营店
GENANX闪电潮牌鸭舌帽男2019秋季新款街头嘻哈炫彩印花棒球帽潮男 Q056,¥168,3, GENANX闪电潮牌旗舰店
MLB NewYorkYankees NY洋基队棒球帽 黑色 57号 男女通用,¥219,210,考拉海购自营
Champion 冠军 男女新款休闲经典复古小C标刺绣logo弯沿鸭舌帽棒球帽/H0543L,¥269,89, 美购国际海外专营店
【日本直邮】Queen Head  日系女士秋冬甜美舒适保暖个性休闲多色拼接贝雷帽帽子,¥129,12,日本Queenhead帽子海外旗舰店
法国CELIO  草编旅行拍照遮阳帽子 CIHPAILLENATUREL 米白色,¥129,16,考拉海购自营
考拉工厂店 美丽星情极简设计渔夫帽,¥99,0,考拉海购自营
Puma/彪马 男帽女帽 新款休闲遮阳帽棒球帽运动帽子052919-01,¥85,414, 幸运叶子旗舰店
网易严选 做旧感鸭舌棒球帽,¥15.6,7608,考拉海购自营
NIKE 耐克 鸭舌帽男女同款纯棉透气舒适棒球帽 H86 VINTAGE TRUE CAP,¥148,0, 日本时尚潮鞋专营店
MLB NewYorkYankees 黑色大标 黑色  男女通用,¥219,189,考拉海购自营
Fila 斐乐鸭舌帽四季新款logo纯棉棒球遮阳帽子男女同款透气潮流运动帽防晒帽子,¥169,14, 万国汇海外专营店
MLB 美职棒 纽约洋基NY 经典小标 男女同款可调节鸭舌帽棒球帽,¥219,181,考拉海购自营
"Champion 冠军 男女新款休闲经典logo字母鸭舌帽棒球帽/H0543




",¥269,162, 美购国际海外专营店
"Viney2019新款休闲运动夏天太阳帽子女遮阳帽棒球帽防晒沙滩鸭舌帽
",¥99,0, viney箱包旗舰店
Queen Head  日系秋冬可爱显瘦防风防寒保暖大码百搭毛绒鸭舌帽女 遮阳帽女防晒帽女防紫外线,¥429,39,日本Queenhead帽子海外旗舰店
GANT/甘特2019春季新品女士字母刺绣棒球帽4900020,¥297,1, GANT官方旗舰店
PUMA彪马男帽女帽2019新款棒球帽太阳帽户外休闲运动帽帽子鸭舌帽,¥79,157, 领途运动专营店
Adidas阿迪达斯帽子 6P CAP COTTO 2019新款黑白情侣帽鸭舌帽休闲户外运动帽遮阳帽男女棒球帽休闲帽,¥79,378, sneakerplanet运动专营店
NIKE 耐克 鸭舌帽男女同款三叶草可调节透气棒球帽 H86 TWILL CAP,¥148,8, 日本时尚潮鞋专营店
【gucci合作款】杨幂/灿烈/朱正廷MLB男女logo刺绣NY小蜜蜂棒球帽,¥319,888,考拉海购自营
韩都衣舍帽子女英伦韩版潮鸭舌帽子海军贝雷帽秋冬百搭休闲画家八角帽,¥99,72, 韩都衣舍箱包旗舰店
MLB 美职棒 纽约扬基NY 镂空金标签名基本款棒球帽,¥239,356,考拉海购自营
【日本直邮】Queen Head  日系人气时尚显瘦遮耳防寒保暖 防晒帽女防紫外线 秋冬鸭舌帽帽子女 女士帽子冬,¥269,21,日本Queenhead帽子海外旗舰店
CALVIN KLEIN JEANS 棒球帽 K50K504562,¥299,2,考拉海购自营
【日本直邮】Queen Head 日系百搭小脸效果卓越 隐藏耳朵完美防寒防晒帽女防紫外线 帽子冬鸭舌帽秋冬帽子女,¥299,16,日本Queenhead帽子海外旗舰店
kenmont 卡蒙 灯芯绒加厚户外帽子休闲男秋冬天保暖纯色棒球帽加长檐鸭舌帽2662 帽围58.5cm,¥178,0, kenmont旗舰店
CALVIN KLEIN JEANS 棒球帽  K50K504561,¥299,2,考拉海购自营
kenmont 卡蒙 军帽男士帽子冬季户外男帽休闲鸭舌帽韩版潮秋冬天棒球帽平顶帽 2121 帽围58cm可调节,¥88,3, kenmont旗舰店
GENANX闪电潮牌牛仔布鸭舌帽破洞圆环撞色2019秋季新款防晒帽子男  Q053,¥168,1, GENANX闪电潮牌旗舰店
【gucci合作款】MLB 杨幂同款NY小蜜蜂花卉刺绣棒球帽 粉色,¥299,367,考拉海购自营
【三码可选】纽约洋基NY经典刺绣明星同款MLB百搭嘻哈弯檐不可调节棒球帽,¥229,32,考拉海购自营
MLB 美国职业棒球联盟 侧标小标基础款 街头人气爆款 藏蓝色 均码,¥219,0,考拉海购自营
【预付定金】Champion帽子棒球帽遮阳帽男女通用四季可戴,¥138,31, Champion旗舰店
【2件减40】【吴昕同款】【蕉下】BANANAUNDER蕉下遮阳防晒帽防晒防紫外线遮脸帽子沙滩帽太阳帽,¥89,1490, 蕉下户外旗舰店
hatson男帽女帽 新款韩版潮流时尚弯檐棒球帽户外遮阳防晒鸭舌帽子HTOWCJ0204BK,¥99,10, 幸运叶子旗舰店
【日本直邮】Queen Head 日系女士秋冬百搭针织风格小脸效果卓越防寒鸭舌帽帽子,¥269,10,日本Queenhead帽子海外旗舰店
kenmont 卡蒙 贝雷帽女秋冬潮时尚印花毛呢帽子冬季保暖刺绣民族风鸭舌帽2578 黑色 可调节(57.5cm),¥258,0, kenmont旗舰店
考拉工厂店 休闲百搭纯色渔夫帽,¥98,1,考拉海购自营
kenmont 卡蒙 秋冬新品帽子女冬鸭舌帽休闲百搭八角帽后托堆堆帽保暖毛呢英伦贝雷帽5019 可调节(57.5cm),¥218,0, kenmont旗舰店
MLB 男女同款金色NY刺绣标棒球帽NewYorkYankees  黑色,¥229,218,考拉海购自营
Converse/匡威 男帽女帽 运动帽鸭舌帽棒球帽休闲帽遮阳帽10008479-A06,¥89,0, 幸运叶子旗舰店
MLB 纽约洋基刺绣NY金属标弯檐遮阳棒球帽  均码,¥209,324,考拉海购自营
Guuka潮牌黑色鸭舌帽ins港风情侣嘻哈运动遮阳帽青少年运动棒球帽,¥89,1, 古由卡官方旗舰店
HAUTTON 新款双面可戴时尚大檐可折叠太阳帽子女遮阳帽防晒帽子,¥79,6, HAUTTON旗舰店
Hatson 男帽女帽 冬季新款 时尚潮流休闲帽运动帽棒球帽鸭舌帽SMBBAI0074BK,¥99,3, 幸运叶子旗舰店
阿迪达斯Adidas男女同款中性旅游鸭舌帽棒球帽运动遮阳帽,¥79,604, 领途运动专营店
商品:,价格,评论,店铺
商品:,价格,评论,店铺
考拉工厂店 真空超轻弹跳盖保温保冷杯 500毫升,¥89,8033,考拉海购自营
THERMOS膳魔师超轻真空大容量保温杯500毫升 旅行必备 JNL502,¥188,57006,考拉海购自营
LOCK&LOCK 乐扣乐扣 塑料运动水杯弹跳盖tritan户外便携大容量 750ml  ABF763,¥75,107, 乐扣乐扣旗舰店
【4色可选】考拉工厂店 便携耐热高硼玻璃随手杯300ml,¥29.9,3627,考拉海购自营
RELER物生物高硼硅耐热玻璃杯 茶水分离杯 双层耐热泡茶杯子 带过滤玻璃水杯 蘑菇杯500ML,¥35,18, RELEA物生物旗舰店
光一网红ins北欧创意可爱仙人掌玻璃水杯透明带把带盖勺家用牛奶杯子,¥29,20, 光一旗舰店
RELER物生物高硼硅耐热玻璃杯茶壶煮泡茶壶茶杯过滤茶具大小家用花茶杯玻璃壶套装320ml,¥39,1, RELEA物生物旗舰店
【提前购保价双11】【赵丽颖同款】【情侣装马克杯】日本ASVEL阿司倍鹭不锈钢马克杯水杯办公室带盖咖啡杯男女真空情侣杯,¥196,17, 厨魔师家居专营店
光一创意星空水晶玻璃水杯透明个性潮流家用饮料果汁威士忌啤酒杯子,¥16.9,1, 光一旗舰店
浩雅手提不锈钢保温杯小巧迷你可爱学生喝水杯子创意卡通儿童大肚水壶,¥79,3, 浩雅餐具旗舰店
保价双十一 买贵返差【赠吸管刷】【一键开盖】2019新品上市美国BTIF锁扣杯运动水杯健身大容量成人孕妇便携,¥69,46, 撷秀专营店
浩雅  简约小清新保温杯 文艺女学生情侣不锈钢水杯便携创意潮流保温杯,¥59,17, 浩雅餐具旗舰店
【19秋冬新色】考拉工厂店 日式简约旅行保温杯,¥109,702,考拉海购自营
Duralex多莱斯 法国进口普罗旺斯系列玻璃杯220ml单只装1039A,¥18,5, DURALEX旗舰店
网易严选 美式City随手保温杯,¥39.6,3190,考拉海购自营
考拉工厂店 珐琅不锈钢双层 防烫保温咖啡杯,¥109,292,考拉海购自营
光一双层玻璃水杯大容量1000ML男士茶叶隔热保温透明防摔大号泡茶杯子,¥48,23, 光一旗舰店
Velosan 韦诺森 德国复古系列保温杯 保温壶 运动水杯  便携轻巧  4色可选 300ml,¥99,31, Velosan旗舰店
浩雅可爱马克杯少女家用超萌水杯女带盖勺简约创意个性大容量陶瓷杯子,¥79,0, 浩雅餐具旗舰店
考拉工厂店 北欧素色4色马克杯（赠勺子）,¥39,2478,考拉海购自营
光一保温杯女便携学生简约大肚水杯少女心可爱小巧迷你韩版小清新杯子,¥48,3, 光一旗舰店
【新品限时特价】【不倒杯】Artiart 升级不倒杯男女士简约款 运动随行塑料水杯 防意外碰倒 商务杯 450ml,¥109,4, 撷秀专营店
澳洲慕咖keepcup应采儿妻子的浪漫旅行同款澳洲前女总理同款 食品级玻璃咖啡杯340毫升,¥174,322, 茂溪家居生活专营店
乐扣乐扣 HelloKitty可爱卡通双层耐热玻璃水杯茶杯女学生 HKT660,¥75,5, 乐扣乐扣旗舰店
RELER物生物塑玻玻璃杯 ABS树脂外壳男女士商务办公水杯泡茶杯子,¥39,2, RELEA物生物旗舰店
考拉工厂店 芭妮兔马克杯礼盒装,¥59,1063,考拉海购自营
浩雅 保温杯 女学生不锈钢水杯创意清新文艺便携原宿杯子,¥59,2, 浩雅餐具旗舰店
光一可爱玻璃泡茶杯过滤茶叶隔热保温透明水杯家用便携,¥35,2, 光一旗舰店
网易严选 酷畅城市运动水杯 700ml,¥19.6,522,考拉海购自营
【礼盒装】Velosan 韦诺森 德国新骨瓷马克杯 国王的布谷鸟系列 陶瓷马克杯 咖啡杯牛奶杯茶杯水杯  360ml,¥499,18, Velosan旗舰店
【新品上市】OPUS 小Q洞洞玻璃杯 便携水杯 简约清新 创意潮流 韩国版随手杯 340ml,¥79,9, 万彩优品专营店
光一 简约清新玻璃杯子森系北欧风耐热创意便携可爱小水杯,¥27.8,0, 光一旗舰店
THERMOS 膳魔师 不锈钢 真空保温杯JNR-350 M-BK深紫色350毫升,¥178,1940,考拉海购自营
【保价双11】尖叫设计 日本Rivers SLEEK随行杯便携水杯防烫隔热防漏密封咖啡杯 多色可选,¥74,23, 尖叫设计家居专营店
【免费刻字 一杯双盖】BEDDYBEAR 杯具熊 316不锈钢儿童保温杯带吸管幼儿园女生水杯,¥158,367, 万彩优品专营店
考拉工厂店  便携茶水分离玻璃杯 240毫升,¥129,635,考拉海购自营
"摩登主妇 带盖玻璃杯茶杯情侣对杯透明杯子家用创意水杯泡茶杯
",¥34.8,8, 摩登主妇官方旗舰店
【双11前2小时实付满129送49元餐盒】【向往的生活同款】ASVEL阿司倍鹭保温杯女男情侣日本咖啡杯不锈钢便携运动水杯子,¥129,4287, 厨魔师家居专营店
光一简约茶水分离保温杯子男士个性潮流ins便携高档个性创意泡茶水杯,¥59,6, 光一旗舰店
"摩登主妇 北欧ins马克杯创意有色玻璃杯咖啡杯家用耐热水杯饮料杯
",¥32,3, 摩登主妇官方旗舰店
【带吸管带杯盖 两用防摔】SKATER斯凯达儿童保温杯 双盖带吸管水杯 男女学生户外便携水杯 大容量小学生水壶,¥139,11, 撷秀专营店
CHAHUA 茶花运动水杯塑料便携随手杯带盖创意学生户外健身水壶大容量水杯颜色随机,¥17.9,0, 茶花家居旗舰店
光一大容量保温茶水分离杯子男士泡茶防摔瓶学生韩版便携高档网红水杯,¥49,1, 光一旗舰店
【出行便携】【不倒杯】Artiart 创意不倒杯便携随手杯学生随行运动水杯330ml,¥79,14, 撷秀专营店
LOCK&LOCK乐扣乐扣 情侣杯夏季运动水杯旅行塑料水杯韩国创意便携男女学生 HLC644 550ml ,¥45,4247, 乐扣乐扣旗舰店
【同价双11提前购】新贝婴儿水杯儿童吸管学饮杯带手柄防摔幼儿园直饮杯喝水杯幼儿园9087,¥55,17, 新贝旗舰店
RELER物生物微笑便携保温杯男女 创意时尚通用不锈钢直身杯子学生水杯茶杯,¥79,1, RELEA物生物旗舰店
网易严选 简约陶瓷马克杯,¥19.9,1169,考拉海购自营
"摩登主妇 便携304不锈钢保温杯可爱学生水杯少女创意小巧大肚杯子
",¥39,5, 摩登主妇官方旗舰店
光一保温杯女学生可爱儿童小学生水杯便携简约小巧带盖带杯子可喝水的,¥45,2, 光一旗舰店
"摩登主妇 北欧ins风描金陶瓷马克杯办公室带碟咖啡杯家用创意水杯
",¥22.9,4, 摩登主妇官方旗舰店
RELER物生物保温杯 500ML 男女式商务茶杯304不锈钢真空保温杯子,¥99,2, RELEA物生物旗舰店
【2019新款】【极简主义 颜值至上】SKATER斯凯达便携简约个性保温杯 学生上班族泡茶杯 不锈钢高档水杯,¥109,7, 撷秀专营店
光一有刻度的玻璃儿童牛奶杯带吸管宝宝冲奶粉专用水杯子微波炉可加热,¥35,63, 光一旗舰店
TIGER 虎牌 真空保温杯 不锈钢超轻便携保温壶 MCX-A601 600ML,¥179,3, 嘉和海外专营店
【防摔+送杯刷】TOMIC特美刻创意时尚可拆卸玻璃杯男女士耐热防摔便携水杯子带盖随手杯泡茶杯350ML,¥78,308, 特美刻 TOMIC旗舰店
TIGER 虎牌 真空保温杯 不锈钢超轻便携保温壶 MCY-A060 600ML,¥179,5, 嘉和海外专营店
【全网独家配色】澳洲慕咖keepcup应采儿妻子的浪漫旅行同款澳洲前女总理同款 木环玻璃 咖啡杯340毫升,¥206,300, 茂溪家居生活专营店
考拉工厂店 竹木盖耐热玻璃过滤花茶杯 500毫升,¥89,506,考拉海购自营
